pmid,title,year,journal,n_authors,authors,affiliations,primary_country,primary_region,all_countries
42105298,"Safety and efficacy of ashwagen (a standardized withania somnifera extract) in stress and anxiety with hypertension and associated cardiometabolic risk factors: a randomized, placebo-controlled trial.",2026,"Stress (Amsterdam, Netherlands)",7,Pattojoshi Amrit; Kumar Patra Sudeep; Idrees S A; Behera Saiprasanna; Dalua Snigdha Suman,"Hi-Tech Medical College & Hospital, Health Park, Pandra, Rasulgarh, Bhubaneswar, India. | Indivirtus Healthcare Services Pvt. Ltd., TDI City, India. | Scientific and Medical Affairs, A 36, Dr. Willmar Schwabe India Pvt. Ltd., Noida Sector 60, India.",India,Global South,India
41416765,Methodological insights and correlations of short-term BP variability indices.,2026,Blood pressure,10,Fuchs Sandra C; Procianoy Guilherme S; Lucca Marcelo B; Valter Leonardo K; Tavares Arthur L,"Postgraduate Program of Cardiology, School of Medicine, Universidade Federal do Rio Grande do Sul, Porto Alegre, RS, Brazil. | Lab. PREVER, Hospital de Clínicas de Porto Alegre, Porto Alegre, RS, Brazil. | Division of Cardiology, Hospital de Clínicas de Porto Alegre, Porto Alegre, RS, Brazil.",Brazil,Global South,Brazil
40583484,Factors associated with blood pressure control in Swedish primary care patients with hypertension: a cross-sectional study.,2026,Scandinavian journal of primary health care,6,Brodin Niklas; Wolff Moa; Borgström Bolmsjö Beata; Milos Nymberg Veronica; Nymberg Peter,"Office for Primary Care, Skåne University Hospital, Malmö, Sweden. | Department of Clinical Sciences, Center for Primary Health Care Research, Lund University, Malmö, Sweden.",Sweden,Global North,Sweden
42030576,Dietary therapy intervention reduces C-reactive protein in individuals diagnosed with hypertension.,2026,"Nutrition (Burbank, Los Angeles County, Calif.)",5,Silva Miriam Aparecida de Assis; Carraro Júlia Cristina Cardoso; Vieira Renata Adrielle Lima; Mendonça Raquel de Deus; do Amaral Joana Ferreira,"Department of Health and Nutrition, Federal University of Ouro Preto, Ouro Preto, Minas Gerais, Brazil. | Department of Clinical and Social Nutrition, School of Nutrition, Federal University of Ouro Preto, Ouro Preto, Minas Gerais, Brazil. | Department of Nutrition, School of Nutrition, Federal University of Paraíba, João Pessoa, Paraíba, Brazil.",Brazil,Global South,Brazil; Brazil. Electronic address:
41747920,Remote dietitian counseling with short-term meal delivery improves DASH diet adherence and lowers blood pressure in veterans with hypertension and obesity.,2026,American heart journal,6,Atluri Namratha; Herty Lauren; Runge Carly; Wells Joanna; Scisney-Matlock Margaret,"Department of Internal Medicine, University of Michigan, Ann Arbor, MI. | Department of Medicine, VA Ann Arbor Health System, Ann Arbor, MI. | School of Nursing, University of Michigan, Ann Arbor, MI.",Ann Arbor,Unknown,Ann Arbor; MI. Electronic address:
41713761,Integration of a task strengthening strategy for hypertension management into HIV care in Nigeria: Baseline characteristics of participants in a cluster randomized controlled trial.,2026,American heart journal,19,Chen Weixi; Musa Adesola Z; Odubela Oluwatosin; Onakomaiya Deborah; Mishra Shivani,"Division of Biostatistics, NYU Grossman School of Medicine, New York, NY; Department of Population Health, NYU Grossman School of Medicine, New York, NY. | Clinical Sciences Department, Nigerian Institute of Medical Research, Lagos, Nigeria. | Department of Population Health, NYU Grossman School of Medicine, New York, NY; Institute for Excellence in Health Equity, NYU Grossman School of Medicine, New York, NY; Vilcek Institute of Graduate Biomedical Sciences, NYU Grossman School of Medicine, New York, NY.",New York,Unknown,New York; Nigeria; Maywood; NY. Electronic address:; Saint Louis
42133960,What Have We Learned From the Idiopathic Intracranial Hypertension Treatment Trial the William F. Hoyt Lecture.,2026,Journal of neuro-ophthalmology : the official journal of the North American Neuro-Ophthalmology Society,1,Wall Michael,"Departments of Ophthalmology and Visual Sciences and Neurology, University of Iowa, Iowa City, Iowa.",Iowa,Unknown,Iowa
42082343,Aerobic Exercise Plus Hypocaloric Diet on Serum Leptin Concentrations in Adults With Primary Hypertension and Overweight/Obesity: Results From the EXERDIET-HTA Trial.,2026,Clinical obesity,5,Aparicio Virginia A; Corres Pablo; Gorostegi-Anduaga Ilargi; Margareto Javier; Maldonado-Martín Sara,"Department of Physiology, Institute of Nutrition and Food Technology, Biomedical Research Centre, Sport and Health Research Centre, University of Granada, Granada, Spain. | Department of Physical Education and Sport, Faculty of Education and Sport-Physical Activity and Sport Sciences Section, University of the Basque Country (UPV/EHU), Vitoria-Gasteiz, Araba/Álava, Basque Country, Spain. | Bioaraba Health Research Institute, Physical Activity, Exercise, and Health Group, Vitoria-Gasteiz, Basque Country, Spain.",Spain,Global North,Spain
42044642,"Safety and efficacy of the anti-α-synuclein monoclonal antibody amlenetug for the treatment of patients with multiple system atrophy (AMULET): a phase 2, randomised, double-blind, multicentre trial.",2026,The Lancet. Neurology,15,Kjærsgaard Lotte; Wiedemann Jonas; Singer Wolfgang; Takeda Atsushi; Berger Anna-Karin,"Research and Development, H Lundbeck, Copenhagen, Denmark. | Department of Neurology, Mayo Clinic, Rochester, MN, USA. | Department of Neurology, National Hospital Organization, Sendai-Nishitaga Hospital, Sendai, Japan.",Denmark,Global North,Denmark; USA; Japan; Denmark. Electronic address:
41935461,"Effects of a combination of olive leaf extract and potassium on blood pressure in participants with mild to moderate hypertension: A double blind, randomized, placebo-controlled trial.",2026,Phytomedicine : international journal of phytotherapy and phytopharmacology,6,Fladerer-Grollitsch Johannes-Paul; Bucar Franz; Klein Thomas; Kompek Albert; Menzel Daniel,"Karl-Franzens-Universität Graz, Beethovenstraße 8, 8010 Graz, AT; Apomedica Pharmazeutische Produkte GmbH, Roseggerkai 3, 8010 Graz, AT. Electronic address: johannes.fladerer@uni-graz.at. | Karl-Franzens-Universität Graz, Beethovenstraße 8, 8010 Graz, AT. | Apomedica Pharmazeutische Produkte GmbH, Roseggerkai 3, 8010 Graz, AT.",AT. Electronic address:,Unknown,AT. Electronic address:; 8010 Graz; 73728 Essingen
41927240,Impact of aromatherapy neck massage on resting cardiovascular parameters in patients with chronic kidney disease and secondary hypertension: A self-controlled study.,2026,Journal of bodywork and movement therapies,6,Deepa Y; Vijay A; Padmavathi K; Bhamini A S; Nithya Sree R,"Department of Manipulative Therapy, Government Yoga and Naturopathy Medical College, Chennai, Tamilnadu, India. Electronic address: sakshaayaan@gmail.com. | Department of Naturopathy, Government Yoga and Naturopathy Medical College, Chennai, Tamilnadu, India. Electronic address: drvjarbnys@gmail.com. | CRRI, Government Yoga and Naturopathy Medical College, Chennai, Tamilnadu, India. Electronic address: padmaasrika@gmail.com.",India. Electronic address:,Global South,India. Electronic address:; India
41914613,Postoperative infusion of dexmedetomidine for the prevention of postoperative delirium in elderly patients undergoing lung surgery: A randomized controlled trial.,2026,International journal of clinical pharmacology and therapeutics,5,Li Fujing; Zhang Weizhou; Huo Jian; Cheng Liming; Zhao Rui,,Unknown,Unknown,
41875307,Wrist-type home blood pressure monitoring device improves usability and preserves sleep quality compared with conventional ambulatory monitoring.,2026,Journal of hypertension,5,Vermeer Cornelia J C; Van den Dries Carline J; Hollander Monika; Geersing Geert-Jan; Rutten Frans H,"Department of General Practice & Nursing Science, Julius Centre for Health Sciences and Primary Care, University Medical Centre Utrecht (UMCU), Utrecht University, Utrecht. | Department of Cardiovascular and Metabolic Health, Amsterdam University Medical Centre (AUMC), Amsterdam, The Netherlands.",Utrecht,Unknown,Utrecht; The Netherlands
41860168,Patient-profiled treatment responses in a large hypertension trial: a posthoc analysis of the INSIGHT study.,2026,Journal of hypertension,6,De Leeuw Peter W; Mancia Giuseppe; Palmer Chris R; Ruilope Luis M; Schalm Solko W,"Department of Medicine, Maastricht University Medical Center and Cardiovascular Research Institute Maastricht (CARIM), Maastricht, The Netherlands. | University Milano Bicocca, Milan, Italy. | Formerly Centre for Applied Medical Statistics, Department of Public Health and Primary Care, University of Cambridge, UK.",The Netherlands,Global North,The Netherlands; Italy; United Kingdom; Spain; Charterhouse Square
41670421,Effects of 20 weeks of different power training protocols involving exercises with elastic bands on cardiovascular health in hypertensive young-old adults.,2026,Blood pressure monitoring,11,Bavaresco Gambassi Bruno; Grijó Viana Davi; Macieira Eduardo; Bianco Roberto; Chaves Luiz Filipe,"Laboratory of Education and Research in Exercise and Cardiovascular Health in Older Adults, Department of Physical Education. | Ceuma University. | Postgraduate Program in Management and Health Care, Ceuma University.",Department of Physical Education,Unknown,Department of Physical Education; Ceuma University; Maranhão; Latin America and the Caribbean; Brazil
41503713,Ambulatory blood pressure and pulse rate patterns in acute coronary syndrome patients underwent percutaneous coronary intervention.,2026,Blood pressure monitoring,8,Leowattana Tawithep; Phoopattana Supamongkol; Sricholwattana Suchat; Krisnangkura Pakawat; Wongsoasu Arthit,"Department of Medicine, Faculty of Medicine. | Division of Cardiovascular Medicine, Department of Medicine, Faculty of Medicine, HRH Princess Maha Chakri Sirindhorn Medical Center, Srinakharinwirot University, Nakhon Nayok, Thailand.",Faculty of Medicine,Unknown,Faculty of Medicine; Thailand
41484570,"Adjuvant anlotinib plus TACE in hepatocellular carcinoma with postoperative high-risk recurrence: a single-arm, multi-center, phase II study.",2026,Clinical & translational oncology : official publication of the Federation of Spanish Oncology Societies and of the National Cancer Institute of Mexico,10,Wang Zheng; Zhang Lei; Zheng Xin; Zhang Dong; Yang Xue,"Department of Hepatobiliary Surgery, First Affiliated Hospital of Xi'an Jiaotong University, 277 West Yanta Road, Yanta District, Xi'an, 710061, Shaanxi Province, China. | Department of General Surgery, The First Hospital of Lanzhou University, Lanzhou, China. | Department of Hepatobiliary Surgery, First Affiliated Hospital of Xi'an Jiaotong University, 277 West Yanta Road, Yanta District, Xi'an, 710061, Shaanxi Province, China. woogcp@126.com.",China,Global South,China
41905242,Aflibercept and 5-FU vs. FOLFOX as 1st line treatment for older adults or frail elderly patients with metastatic colorectal cancer - The randomized phase 2 AIO / IKF ELDERLY trial (AIO-KRK-0117 / IKF 629).,2026,"European journal of cancer (Oxford, England : 1990)",18,Hofheinz Ralf-Dieter; Weikersthal Ludwig Fischer von; Dechow Tobias; Depenbusch Reinhard; Müller Christian,"Mannheim Cancer Center, Universitätsmedizin Mannheim, Mannheim, Germany. Electronic address: ralf.hofheinz@umm.de. | MVZ-Praxis für Hämatologie und Internistische Onkologie, Amberg, Germany. | Gemeinschaftspraxis für Hämatologie und Onkologie, Ravensburg, Germany.",Germany. Electronic address:,Global North,Germany. Electronic address:; Germany
41557471,Association between single-pill combination therapy use and blood pressure control in the Systolic Blood Pressure Reduction Intervention Trial: a post hoc analysis.,2026,European journal of preventive cardiology,11,Rao Shreya; Segar Matthew W; Keshvani Neil; Soni Suha; Agarwal Anubha,"Division of Cardiology, Department of Internal Medicine, UT Health Sciences Center San Antonio, San Antonio, TX, USA. | Department of Cardiology, Texas Heart Institute, Houston, TX, USA. | Baylor Scott and White Research Institute, Dallas, TX, USA.",USA,Global North,USA; Australia
40796327,Effect of intensive blood pressure control in patients with resistant hypertension: insights from the STEP trial.,2026,European journal of preventive cardiology,5,Dong Xilan; Bai Jingjing; Ling Qianhui; Zhao Xueyan; Cai Jun,"Hypertension Center, Fuwai Hospital, State Key Laboratory of Cardiovascular Disease of China, National Center for Cardiovascular Diseases of China, Chinese Academy of Medical Sciences and Peking Union Medical College, Beijing 100037, China. | Beijing Anzhen Hospital, Capital Medical University, Beijing Institute of Heart, Lung and Blood Vessel Diseases, Chinese Institutes for Medical Research, Beijing 100013, China. | Fuwai Hospital, State Key Laboratory of Cardiovascular Disease, National Center for Cardiovascular Diseases of China, Chinese Academy of Medical Sciences and Peking Union Medical College, Beijing 100037, China.",China,Global South,China
40273398,Targeting better hypertension control with the usage of the ESH smartphone application.,2026,European journal of preventive cardiology,12,Konstantinidis Dimitrios; Siafi Eirini; Iliakis Panagiotis; Mihas Costas; Tatakis Fotis,"First Department of Cardiology, School of Medicine, National and Kapodistrian University of Athens, Hippokration General Hospital, Vasilissis Sofias 108, 115 27 Athens, Greece. | Cardiovascular Prevention and Research Unit, Clinic and Laboratory of Pathophysiology, Department of Medicine, School of Health Sciences, National and Kapodistrian University of Athens, Athens, Greece. | Hypertension Center STRIDE-7, School of Medicine, Third Department of Medicine, National and Kapodistrian University of Athens, Sotiria Hospital, Athens, Greece.",Greece,Global North,Greece; Italy
42127005,Health related quality of life among hypertensive adults living in rural Vietnam: Results from a cluster-randomised controlled trial.,2026,PloS one,16,Nguyen Cuc T T; Challagonda Jahnavi; Ha Tung S; Nguyen Nhi D; Nguyen Huong T T,"Health Strategy and Policy Institute, Hanoi, Vietnam. | Hanoi Medical University, Hanoi, Vietnam. | UMass Chan Medical School, Worcester, Massachusetts, United States of America.",Vietnam,Global South,Vietnam; USA
41949524,Blood Pressure Trajectories and Cardiovascular Outcomes in Older Patients: Insights From the STEP Trial.,2026,Journal of the American College of Cardiology,7,Peng Xinyi; Song Qirui; Bai Jingjing; Liu Yang; Cui Feipeng,"Hypertension Center, Beijing Anzhen Hospital, Capital Medical University, Beijing Institute of Heart, Lung and Blood Vessel Diseases, Beijing, China. | Hypertension Center, Beijing Anzhen Hospital, Capital Medical University, Beijing Institute of Heart, Lung and Blood Vessel Diseases, Beijing, China; Hypertension Center, Fuwai Hospital, State Key Laboratory of Cardiovascular Disease of China, National Center for Cardiovascular Diseases of China, Chinese Academy of Medical Sciences and Peking Union Medical College, Beijing, China. | Department of Epidemiology and Biostatistics, School of Public Health, Peking University, Beijing, China.",China,Global South,China; China. Electronic address:
41949512,Efficacy of Tonlamarsen in Patients With Uncontrolled Hypertension: The KARDINAL Phase 2 Randomized Clinical Trial.,2026,Journal of the American College of Cardiology,20,Laffin Luke J; Wang Qiuqing; Sarraju Ashish; Touyz Rhian M; Schlaich Markus P,"Section of Preventive Cardiology and Rehabilitation, Department of Cardiovascular Medicine, Cleveland Clinic Foundation, Cleveland, Ohio, USA; Cleveland Clinic Coordinating Center for Clinical Research, Cleveland, Ohio, USA. | Cleveland Clinic Coordinating Center for Clinical Research, Cleveland, Ohio, USA. | Research Institute of the McGill University Health Centre, McGill University, Montréal, Québec, Canada.",USA,Global North,USA; Canada; Australia; Switzerland
41920135,Achieving Intensive Blood Pressure Control in High-Risk Patients: Implementation Insights From the ESPRIT Trial.,2026,Journal of the American College of Cardiology,25,Peng Yue; Li Yan; Li Shitian; Zhang Liping; Zhao Lingshan,"National Clinical Research Center for Cardiovascular Diseases, State Key Laboratory of Cardiovascular Disease, NHC Key Laboratory of Clinical Research for Cardiovascular Medications, Fuwai Hospital, Chinese Academy of Medical Sciences and Peking Union Medical College, National Center for Cardiovascular Diseases, Beijing, China. | Nanyang Central Hospital, Henan, China. | Dengfeng Hospital of Traditional Chinese Medicine, Henan, China.",China,Global South,China; China. Electronic address:
41904795,"Sotatercept for Combined Post- and Precapillary Pulmonary Hypertension Associated With Heart Failure: Results From the Phase 2, Randomized, Placebo-Controlled CADENCE Study.",2026,Circulation,10,Gomberg-Maitland Mardi; Tedford Ryan J; Langleben David; Rosenkranz Stephan; Miller Barry,"Department of Medicine, Section of Cardiology, George Washington University School of Medicine and Health Sciences, Washington, DC (M.G-M.). | Division of Cardiology, Department of Medicine, Medical University of South Carolina, Charleston (R.J.T.). | Department of Medicine, Section of Cardiology, Center for Pulmonary Vascular Disease, Azrieli Heart Center, Jewish General Hospital, McGill University, Montreal, Canada (D.L.).",DC (M.G-M.),Unknown,DC (M.G-M.); Charleston (R.J.T.); Canada (D.L.); Germany (S.R.); A.G.C.); Belgium (J-L.V.)
41670573,Single-Pill Low-Dose Triple Combination Therapy vs Standard-Dose Monotherapy in Patients With Mild-to-Moderate Hypertension.,2026,Journal of the American College of Cardiology,12,Sung Ki-Chul; Park Kyungil; Kim Dae-Hee; Lim Sang-Wook; Hong Soon Jun,"Division of Cardiology, Kangbuk Samsung Hospital, Seoul, Republic of Korea. | Division of Cardiology, Dong-A University Hospital, Busan, Republic of Korea. | Division of Cardiology, Asan Medical Center, Seoul, Republic of Korea.",Republic of Korea,Unknown,Republic of Korea; Italy; Republic of Korea. Electronic address:
41563174,Natriuretic Peptide Receptor-1 Agonist for Resistant Hypertension: A Randomized Phase 2 Trial.,2026,Journal of the American College of Cardiology,10,White William B; Azizi Michel; Ferdinand Keith; Cohen Debbie L; Nührenberg Thomas,"Cardiology Center, University of Connecticut School of Medicine, Farmington, Connecticut, USA. Electronic address: williambwhitemd@gmail.com. | Université Paris Cité, Inserm CIC1418, Paris, France. | Section of Cardiology, John W. Deming Department of Medicine, Tulane University, New Orleans, Louisiana, USA.",USA,Global North,USA; France; Switzerland; United Kingdom
41379039,Behavioral Economics and Medication Adherence for Hypertension: A Randomized Clinical Trial.,2026,Journal of the American College of Cardiology,17,Dodson John A; Adhikari Samrachana; Schoenthaler Antoinette M; Shimbo Daichi; Berman Adam N,"NYU Grossman School of Medicine, New York, New York, USA. Electronic address: BETTER-BP@nyulangone.org. | NYU Grossman School of Medicine, New York, New York, USA. | Columbia University Irving Medical Center, New York, New York, USA.",USA,Global North,USA
42116170,Hemodynamic effects of high frequency oscillatory ventilation versus conventional mechanical ventilation in term neonates with persistent pulmonary hypertension: a single-center randomized trial.,2026,Italian journal of pediatrics,5,El Amrousy Doaa; Koura Hassan; Abdou Noura; Awny Mostafa; Elmashad Abdelrahman,"Pediatric Department, Faculty of Medicine, Tanta University, Tanta, Egypt. doaa.moha@med.tanta.edu.eg. | Pediatric Department, Faculty of Medicine, Tanta University, Tanta, Egypt.",Egypt,Global South,Egypt
42104241,Propranolol monotherapy versus combined propranolol-gabapentin for prevention of paroxysmal sympathetic hyperactivity after moderate-severe traumatic brain injury: a randomized controlled trial.,2026,BMC anesthesiology,7,Negm Essamedin M; Gouda Ahmed M; Khatab Mohammed El Mowafy; Youssef Essam Mohamed Elsayed; Eskandr AnaSimon Alfred Foad,"Department of Anaesthesia, ICU and Pain Management, Faculty of Medicine, Zagazig University, Zagazig, Egypt. | Department of Pharmacy Practice, Faculty of Pharmacy, Zagazig University, Zagazig, Egypt. amgoda@pharmacy.zu.edu.eg. | Department of Neurosurgery, Faculty of Medicine, Zagazig University, Zagazig, Egypt.",Egypt,Global South,Egypt
42098073,"Acute hemodynamic effects of TPN171H in pulmonary arterial hypertension: a randomized, controlled, phase 2a trial.",2026,Signal transduction and targeted therapy,15,Zhou Yu-Ping; Qiu Lu-Hong; Ma Wei; Cao Yun-Shan; Li Jiang,"Department of Cardiovascular Medicine, Guangdong Cardiovascular Institute, Guangdong Provincial People's Hospital, Guangdong Academy of Medical Sciences, Southern Medical University, Guangzhou, China. | Department of Cardiology, State Key Laboratory of Complex Severe and Rare Diseases, Peking Union Medical College Hospital, Chinese Academy of Medical Sciences and Peking Union Medical College, Beijing, China. | Department of Cardiology, Peking University First Hospital, Peking University, Beijing, China.",China,Global South,China; USA
41968073,Phase 2 study of cabozantinib (XL184) with nivolumab and ipilimumab for the treatment of poorly differentiated neuroendocrine carcinomas (ETCTN10315).,2026,The oncologist,21,Mandl Adel; Chen Ruizhe; Das Satya; Strosberg Jonathan R; Kasi Anup,"Department of Oncology, Johns Hopkins University School of Medicine and Sidney Kimmel Comprehensive Cancer Center at Johns Hopkins, Baltimore, MD, USA. | Vanderbilt University Medical Center, Nashville, TN, USA. | H. Lee Moffitt Cancer Center & Research Institute, Tampa, FL, USA.",USA,Global North,USA
42090614,[Lifestyle pattern and therapeutic adherence in patients on hemodialysis].,2026,Revista medica del Instituto Mexicano del Seguro Social,7,Trejo-Mena Héctor Alan; Torres-Pedroza Ariadna Judith; Solís-González Andrés Jhojairo; Llanos-Sosa Ángel Jesús; Rojas-Morales Adolfo,"Instituto Mexicano del Seguro Social, Hospital General de Zona con Medicina Familiar No. 1, Servicio de Medicina Familiar. Chetumal, Quintana Roo, México. | Instituto Mexicano del Seguro Social, Hospital General de Zona con Medicina Familiar No. 1, Coordinación Clínica de Educación e Investigación en Salud. Chetumal, Quintana Roo, México. | Instituto Mexicano del Seguro Social, Hospital General de Zona con Medicina Familiar No. 1, Servicio de Hemodiálisis. Chetumal, Quintana Roo, México.",México,Unknown,México
42154956,Tai Chi Intervention Improves Hypertension by Reshaping the Neuro-Endocrine-Immune Network via the Acetylcholine-Cortisol-TNF-α Pathway.,2026,Scandinavian journal of medicine & science in sports,7,Fang Hui; Li Cuihan; Zhou Qingshan; Cui Meize; Li Lujia,"College of Physical Education and Sports, Beijing Normal University, Beijing, China. | Boshan District Traditional Chinese Medicine Hospital, Zibo, Shandong, China.",China,Global South,China
42130176,Antihypertensive Combinations Modify Cardiovascular Risk Factor Importance: A Machine Learning Analysis of the ACCOMPLISH Trial.,2026,"Journal of clinical hypertension (Greenwich, Conn.)",4,Kaciroti Niko; Levy Phillip D; Jamerson Kenneth A; Brook Robert D,"Departments of Pediatrics and Biostatistics, University of Michigan, Ann Arbor, Michigan, USA. | Integrative Biosciences Center, Wayne State University, Detroit, Michigan, USA. | Department of Emergency Medicine, Wayne State University, Detroit, Michigan, USA.",USA,Global North,USA
42130156,Low-Dose Telmisartan/Amlodipine in Essential Hypertension: A Phase III Trial.,2026,"Journal of clinical hypertension (Greenwich, Conn.)",34,Ahn Hyo-Suk; Ahn Jeong-Cheon; Cho Jin-Man; Lim Kyung Hee; Han Seung Hwan,"Division of Cardiology, Department of Internal Medicine, College of Medicine, Uijeongbu St. Mary's Hospital, The Catholic University of Korea, Seoul, Republic of Korea. | Department of Cardiology, Korea University Ansan Hospital, Ansan, Republic of Korea. | Division of Cardiology, Department of Internal Medicine, Kyung Hee University Hospital at Gangdong, Kyung Hee University, Seoul, Republic of Korea.",Republic of Korea,Unknown,Republic of Korea
42128581,Leveraging Interleukin-1 Blockade as a Therapeutic Strategy for Cardiac Sarcoidosis: Rationale and Design for the RandomizEd PhAse II TrIal of Rilonacept in Subjects With Cardiac Sarcoidosis (REPAIR-CS).,2026,Journal of cardiac failure,8,Rosenbaum Andrew N; Wagle Anjali; Meuth Courtney L; Wang Sheldon; Paolini John F,"Department of Cardiovascular Medicine, Mayo Clinic, Rochester, Minnesota. Electronic address: Rosenbaum.Andrew@mayo.edu. | Division of Cardiology, Johns Hopkins University School of Medicine, Baltimore, Maryland. | Kiniksa Pharmaceuticals, Lexington, Massachusetts.",Minnesota. Electronic address:,Unknown,Minnesota. Electronic address:; Maryland; Massachusetts; Minnesota
42067967,Population Pharmacokinetic Modeling and Exposure-Response Analyses of Nemtabrutinib in Patients With Hematologic Malignancies.,2026,CPT: pharmacometrics & systems pharmacology,4,Kemal Chiara C; Zweers Thijs J; Krekels Elke H J; Chatterjee Manash S,"Merck & co., Inc., Rahway, New Jersey, USA. | Certara Inc., Department of Integrated Drug Development, Radnor, Pennsylvania, USA.",USA,Global North,USA
42067280,"Incidence, risk factors, and cardiovascular impact of hypertension in people with HIV: a secondary analysis of the REPRIEVE trial.",2026,The lancet. HIV,20,Martínez Esteban; Watanabe Maya; Hoffman Risa; Zanni Markella V; Pozniak Anton,"Department of Infectious Diseases, Hospital Clínic, IDIBAPS, University of Barcelona, Barcelona, Spain; CIBER de Enfermedades Infecciosas, Instituto de Salud Carlos III, Madrid, Spain; Reial Acadèmia de Medicina de Catalunya, Barcelona, Spain. Electronic address: estebanm@clinic.cat. | Center for Biostatistics in AIDS Research, Harvard T H Chan School of Public Health, Boston, MA, USA. | Division of Infectious Diseases, David Geffen School of Medicine, University of California Los Angeles, Los Angeles, CA, USA.",Spain. Electronic address:,Global North,Spain. Electronic address:; USA; United Kingdom
42043864,A randomized controlled trial of L-taurine for fatigue in decompensated cirrhosis.,2026,Hepatology communications,8,Sasidharan Swarup; Philips Cyriac Abby; Tharakan Ajit; Ahamed Rizwan; Oommen Tharun Tom,"Department of Gastroenterology and Advanced GI Endoscopy, Center of Excellence in Gastrointestinal Sciences, Rajagiri Hospital, Aluva, Kerala, India. | Department of Clinical, Translational and Transplant Hepatology, The Liver Institute, Center of Excellence in Gastrointestinal Sciences, Rajagiri Hospital, Aluva, Kerala, India.",India,Global South,India
41974026,Seladelpar in patients with primary biliary cholangitis and compensated cirrhosis: Efficacy and safety from RESPONSE and ASSURE studies.,2026,Hepatology communications,20,Gordon Stuart C; Villamil Alejandra; Jacobson Ira M; Lawitz Eric J; Younes Ziad,"Division of Hepatology, Henry Ford Health, Wayne State University School of Medicine, Detroit, Michigan, USA. | College of Medicine, Michigan State University, East Lansing, Michigan, USA. | The Liver Autoimmunity Unit, Hospital Italiano de Buenos Aires, Buenos Aires, Argentina.",USA,Global North,USA; Argentina; The Netherlands; Germany; Czech Republic; Greece; Italy; Republic of Korea; Belgium
41973984,Rodatristat ethyl decreases activity in pulmonary arterial hypertension: results from the ELEVATE-2 trial.,2026,Annals of the American Thoracic Society,8,Lachant Daniel J; Sahay Sandeep; Block Robert; Ossip Deborah; Denning Jill,"Division of Pulmonary and Critical Care Medicine, University of Rochester Medical Center, Rochester, NY, United States. | Division of Pulmonary, Critical Care and Sleep Medicine, Houston Methodist Hospital, Houston, TX, United States. | Department of Public Health Sciences, University of Rochester Medical Center, Rochester, NY, United States.",USA,Global North,USA
41969015,"Pain and health-related quality-of-life outcomes with darolutamide in metastatic hormone-sensitive prostate cancer (ARANOTE): secondary and exploratory analyses of a multicentre, randomised, placebo-controlled, phase 3 trial.",2026,The Lancet. Oncology,12,Morgans Alicia K; Haresh Kunhi Parambath; Jievaltas Mindaugas; Olmos David; Shore Neal D,"Dana-Farber Cancer Institute and Harvard Medical School, Boston, MA, USA. | All India Institute of Medical Sciences, New Delhi, India. | Lithuanian University of Health Sciences, Medical Academy, Kaunas, Lithuania.",USA,Global North,USA; India; Lithuania; Spain; Latvia; China; Ireland; Switzerland; Canada. Electronic address:
41962959,The urine metabolomic signature of distal diuretics and diuretic-induced hyponatremia in patients with chronic kidney disease.,2026,American journal of physiology. Renal physiology,5,Rudolphi Crissy F; Musterd-Bhaggoe Usha; Ruijter George J G; Hoorn Ewout J; Imenez Silva Pedro H,"Division of Nephrology and Transplantation, Department of Internal Medicine, Erasmus MC, University Medical Center Rotterdam, Rotterdam, The Netherlands. | Department of Clinical Genetics, Center for Lysosomal and Metabolic Diseases, Erasmus MC, University Medical Center Rotterdam, Rotterdam, The Netherlands.",The Netherlands,Global North,The Netherlands
41955315,Acute cardiovascular responses to slow and deep breathing in normotensive men and women.,2026,Experimental physiology,3,Felton Malika; Mohan Vikram; Hundley Vanora A,"School of Allied Health and Exercise Science, Bournemouth University, Bournemouth, UK. | School of Health and Care, Bournemouth University, Bournemouth, UK.",United Kingdom,Global North,United Kingdom
41933193,Assessing and Optimizing Blood Pressure Measurement Technique in Clinical Practice The BPRIGHT Project (Blood Pressure Reliability through Implementation of Guidelines and Holistic Training).,2026,Journal of human hypertension,4,Ilyas Farwa; Suchal Zafar Aleem; Rehman Abdul; Mahmud Azra,"Hypertension Clinic & Department of Clinical Research, Shalamar Institute of Health Sciences, Lahore, Pakistan. | Hypertension Clinic & Department of Clinical Research, Shalamar Institute of Health Sciences, Lahore, Pakistan. azramahmud@gmail.com.",Pakistan,Global South,Pakistan
41911941,"Risk of obesity, diabetes, hypertension, and major adverse cardiovascular events after a switch to an integrase inhibitor: a target trial emulation in REPRIEVE.",2026,The lancet. HIV,28,Kileel Emma M; Malvestutto Carlos D; Zanni Markella V; Davies-Smith Emma; Fichtenbaum Carl J,"Department of Epidemiology, Boston University School of Public Health, Boston, MA, USA; Department of Global Health, Boston University School of Public Health, Boston, MA, USA. | Division of Infectious Diseases, Ohio State University Medical Center, Columbus, OH, USA. | Metabolism Unit, Massachusetts General Hospital and Harvard Medical School, Boston, MA, USA.",USA,Global North,USA; Spain; Canada; Brazil
41903191,First-trimester prediction and prevention of preterm pre-eclampsia in women with chronic hypertension.,2026,Ultrasound in obstetrics & gynecology : the official journal of the International Society of Ultrasound in Obstetrics and Gynecology,7,Rolnik D L; Gil-Pugliese S; Syngelaki A; Bujold E; Wright D,"Department of Obstetrics and Gynaecology, Monash University, Melbourne, Australia. | Department of Perinatology, University Institute of Biomedical Sciences of Córdoba, Córdoba, Argentina. | Fetal Medicine Research Institute, King's College Hospital, London, UK.",Australia,Global North,Australia; Argentina; United Kingdom; Canada; China
41896646,"Structural analysis of causal pathways between adherence, satisfaction and clinical outcomes in hypertensive patients using a mobile adherence intervention: A SEM-NCA-cIPMA approach.",2026,Journal of human hypertension,7,Rana Rajat; Ibrahim Baharudin Bin; Huri Hasniza Binti Zaman; Wahab Izyan Binti A; Govindaraju Kayatri,"Department of Clinical Pharmacy and Pharmacy Practice, Faculty of Pharmacy, Universiti Malaya, 50603, Kuala Lumpur, Malaysia. | Department of Clinical Pharmacy and Pharmacy Practice, Faculty of Pharmacy, Universiti Malaya, 50603, Kuala Lumpur, Malaysia. baharudin.ibrahim@um.edu.my. | Department of Clinical Pharmacy and Pharmacy Practice, Faculty of Pharmacy, Universiti Malaya, 50603, Kuala Lumpur, Malaysia. hasnizazh@um.edu.my.",Malaysia,Global South,Malaysia
41886723,Final Efficacy and Safety Data From the Phase I/II ARROW Study of Pralsetinib in Patients With Advanced <i>RET</i> Fusion-Positive Non-Small Cell Lung Cancer.,2026,Journal of clinical oncology : official journal of the American Society of Clinical Oncology,31,Besse Benjamin; Subbiah Vivek; Curigliano Giuseppe; Bowles Daniel W; Doebele Robert C,"Department of Cancer Medicine, Gustave Roussy Cancer Campus, Paris Saclay University, Villejuif, France. | UT MD Anderson Cancer Center, Houston, TX. | Sarah Cannon Research Institute, Nashville, TN.",France,Global North,France; Houston; Nashville; Italy; Aurora; Rochester; Seattle; Miami; Spain; Portland; Singapore; Detroit; Ann Arbor; Orange; the Netherlands; Newport Beach; Albany; Germany; Washington; Jacksonville; Austin; Columbia; New York; South San Francisco; Republic of Korea; Boston
41877571,Effects of dietary patterns and sodium intake on blood pressure variability: results from the DASH and DASH-sodium trials.,2026,Journal of hypertension,6,Zou Siyu; Gao Sunan; Juraschek Stephen P; Miller Edgar R; Matsushita Kunihiro,"Department of Epidemiology, Johns Hopkins Bloomberg School of Public Health, Baltimore, Maryland. | Department of Medicine, Beth Israel Deaconess Medical Center, Harvard Medical School, Boston, Massachusetts. | Welch Center for Prevention, Epidemiology, and Clinical Research, Johns Hopkins University.",Maryland,Unknown,Maryland; Massachusetts; Johns Hopkins University; USA
41870419,Effects of Exercise and Intensive Vascular Risk Reduction on Cognitive Function in Older Adults: A Randomized Clinical Trial.,2026,JAMA neurology,16,Zhang Rong; Vidoni Eric; Vongpatanasin Wanpen; Kerwin Diana R; Cullum C Munro,"Institute for Exercise and Environmental Medicine, Texas Health Presbyterian Hospital Dallas, Dallas. | Departments of Neurology, Internal Medicine, and Biomedical Engineering, University of Texas (UT) Southwestern Medical Center, Dallas. | University of Kansas Alzheimer's Disease Research Center, Fairway.",Dallas,Unknown,Dallas; Fairway; Texas; Lexington; Kansas City; East Lansing; New York; Louisiana; Missouri
41856329,"Participant recruitment, baseline characteristics and burden of cardiometabolic risk markers among adults with prediabetes in Kenya: insights from the fermented foods and prediabetes study.",2026,Diabetes research and clinical practice,10,Iseme-Ondiek Rosebella; Muia Alex; Shabani Jacob Shundi; Mucheru Samuel; Gathu Catherine,"Department of Population Health, Medical College, Aga Khan University-East Africa, Nairobi, Kenya. Electronic address: rosebella.ondiek@aku.edu. | Family Medicine Department, Medical College, Aga Khan University-East Africa, Nairobi, Kenya. Electronic address: alex.muia@scholar.aku.edu. | Family Medicine Department, Medical College, Aga Khan University-East Africa, Nairobi, Kenya. Electronic address: jacob.shabani@aku.edu.",Kenya. Electronic address:,Global South,Kenya. Electronic address:; Kenya; Sweden. Electronic address:
41856160,"Mycophenolate mofetil versus prednisone for the initial treatment of idiopathic steroid-sensitive nephrotic syndrome in children in Germany (INTENT): a multicentre, open-label, randomised, controlled, parallel-group, non-inferiority, phase 3 trial.",2026,The Lancet. Child & adolescent health,26,Benz Marcus R; Sander Anja; Ehren Rasmus; Höcker Britta; Fichtner Alexander,"Children's and Adolescents' Hospital, University Hospital of Cologne, University of Cologne, Faculty of Medicine, Cologne, Germany; Pediatric Nephrology Dachau, Dachau, Germany; Department of Paediatrics, Dritter Orden Clinic Munich-Nymphenburg, Munich, Germany. | Institute of Medical Biometry, University Hospital of Heidelberg, University of Heidelberg, Heidelberg, Germany. | Children's and Adolescents' Hospital, University Hospital of Cologne, University of Cologne, Faculty of Medicine, Cologne, Germany.",Germany,Global North,Germany; Germany. Electronic address:
41841357,Implementation of a clinical decision support tool for hypertension in a rural health system.,2026,Journal of the American Medical Informatics Association : JAMIA,12,Kharbanda Elyse O; Asche Stephen E; Essien Inih; Allen Clayton I; Freitag Laura A,"HealthPartners Institute, Minneapolis, MN 55440, United States. | Essentia Health, Duluth, MN 55805, United States. | Essentia Institute for Rural Health, Duluth, MN 55805, United States.",USA,Global North,USA
41837993,Comparative Effectiveness of Antihypertensive Medications in Children With Chronic Kidney Disease.,2026,JAMA pediatrics,27,Denburg Michelle R; Goodwin Davies Amy J; Maltenfort Mitchell G; Mitsnefes Mark M; Flynn Joseph T,"Children's Hospital of Philadelphia, Philadelphia, Pennsylvania. | Perelman School of Medicine at the University of Pennsylvania, Philadelphia. | Cincinnati Children's Hospital Medical Center, University of Cincinnati, Cincinnati, Ohio.",Pennsylvania,Unknown,Pennsylvania; Philadelphia; Ohio; Seattle; Maryland; Aurora; Chapel Hill; Delaware; Iowa City; Florida; California; Ann Arbor; Milwaukee; Columbus; Gainesville; Illinois; Indianapolis
41820779,Long-Term Treatment with Single-Tablet Combination of Macitentan and Tadalafil in Pulmonary Arterial Hypertension: Results from A DUE and Its Open-Label Period.,2026,Advances in therapy,9,Ford H James; Chin Kelly M; Fan Fenling; Friberg Michael; Grünig Ekkehard,"Division of Pulmonary and Critical Care Medicine, University of North Carolina, Chapel Hill, NC, USA. | UT Southwestern Medical Center, Dallas, TX, USA. | First Affiliated Hospital of Xi'an Jiaotong University, Xi'an, Shaanxi, China.",USA,Global North,USA; China; United Kingdom; Germany; Switzerland; Czech Republic
41819297,"Initiation of dolutegravir vs efavirenz on 12- and 24-month weight, body mass index, blood pressure, and incident hypertension: A target trial emulation.",2026,Annals of epidemiology,10,Zheng Amy; Fox Matthew P; Greener Ross; Kileel Emma M; Bor Jacob,"Department of Epidemiology, Boston University School of Public Health, Boston, MA 02118, United States; Department of Global Health, Boston University School of Public Health, Boston, MA 02118, United States. | Department of Epidemiology, Boston University School of Public Health, Boston, MA 02118, United States; Department of Global Health, Boston University School of Public Health, Boston, MA 02118, United States; Health Economics and Epidemiology Research Office, Faculty of Health Sciences, University of the Witwatersrand, Johannesburg 2193, South Africa. | Health Economics and Epidemiology Research Office, Faculty of Health Sciences, University of the Witwatersrand, Johannesburg 2193, South Africa.",USA,Global North,USA; South Africa; South Africa. Electronic address:
41804187,Estimated Glucose Disposal Rate and Risk of Vascular Events and Death in Type 2 Diabetes in the ADVANCE Study.,2026,"Diabetes, obesity & metabolism",14,Wang Ruirui; Zhang Yonghong; Gao Yijie; Chen Linan; Chen Xiaoying,"Department of Epidemiology, School of Public Health and Jiangsu Key Laboratory of Preventive and Translational Medicine for Major Chronic Non-Communicable Diseases, Suzhou Medical College of Soochow University, Suzhou, China. | The George Institute for Global Health, University of New South Wales, Randwick, New South Wales, Australia. | Institute of Science and Technology for Brain-Inspired Intelligence, Fudan University, Shanghai, China.",China,Global South,China; United Kingdom; Australia; France; Canada; Italy
41763609,Final overall survival results from EORTC 1333/PEACE-3 trial of enzalutamide plus radium-223 in metastatic castration-resistant prostate cancer.,2026,Annals of oncology : official journal of the European Society for Medical Oncology,25,Gillessen S; Gallardo E; Choudhury A; Saad F; Soares A,"Oncology Institute of Southern Switzerland, EOC, Bellinzona, Switzerland; Università della Svizzera Italiana, Faculty of Biosciences, Lugano, Switzerland. Electronic address: silke.gillessen@eoc.ch. | Parc Taulí Hospital Universitari, Institut d'Investigació I Innovació Parc Taulí (I3PT-CERCA), Universitat Autònoma de Barcelona, Sabadell, Spain. | Division of Cancer Sciences, University of Manchester, Manchester, UK; The Christie NHS Foundation Trust, Manchester, UK.",Switzerland. Electronic address:,Global North,Switzerland. Electronic address:; Spain; United Kingdom; Canada; Brazil; France; Ireland; Italy; Belgium; Denmark; Poland
41744104,Pharmacogenomics-guided personalized therapy for hypertension: a multicenter randomized trial.,2026,Journal of hypertension,12,Yu Mingzhong; Pan Min; Huang Bangbang; Fan Jinmao; Lin Lijian,"Department of Geriatrics, the First Affiliated Hospital of Fujian Medical University. | Department of Geriatrics, National Regional Medical Center, Binhai Campus of the First Affiliated Hospital, Fujian Medical University. | Fujian Hypertension Research Institute.",the First Affiliated Hospital of Fujian Medical University,Unknown,the First Affiliated Hospital of Fujian Medical University; Fujian Medical University; Fujian Hypertension Research Institute; Clinical Research Center for Geriatric Hypertension Disease of Fujian Province; Fuzhou; Ningde; Nanping; Xiamen; China
41724486,A clinical study examining the effects of dietary nitrate on urinary N-nitrosamines.,2026,The American journal of clinical nutrition,8,Bondonno Catherine P; Sundqvist Michaela L; Shinde Sujata; Croft Kevin; Hodgson Jonathan M,"Edith Cowan University, Joondalup, Australia; University of Western Australia, Perth, Australia. Electronic address: c.bondonno@ecu.edu.au. | Department of Physiology, Nutrition and Biomechanics, The Swedish School of Sport and Health Sciences, Stockholm, Sweden; Department of Physiology and Pharmacology, Karolinska Institutet, Stockholm, Sweden. | University of Western Australia, Perth, Australia.",Australia. Electronic address:,Global North,Australia. Electronic address:; Sweden; Australia; Sweden. Electronic address:
41631620,High-Flow Nasal Cannula Reduces Ventilatory Requirements During Endobronchial Ultrasound.,2026,Respiratory care,3,Miechels Jeffrey; Claessens Niels J M; Koning Mark V,"Mr. Miechels is affiliated with the Department of Anesthesiology, Rijnstate Hospital, Arnhem, The Netherlands. | Dr. Claessens is affiliated with the Department of Pulmonology, Rijnstate Hospital, Arnhem, The Netherlands. | Dr. Koning is affiliated with the Department of Anesthesiology and Critical Care, Rijnstate Hospital, Arnhem, The Netherlands.",The Netherlands,Global North,The Netherlands
41568520,Efficacy and Safety of Finerenone in Patients With Primary Aldosteronism: A Multicenter Prospective Study.,2026,"Hypertension (Dallas, Tex. : 1979)",13,Li Ping; Yang Fan; Lou Yuxing; Zhang Ziwei; Du Yunfeng,"Department of Endocrinology, Endocrine and Metabolic Disease Medical Center, Nanjing Drum Tower Hospital, Affiliated Hospital of Medical School, Nanjing University, China (P.L., F.Y., Z.Z., D.Z.). | Department of Endocrinology, Endocrine and Metabolic Disease Medical Center, Nanjing Drum Tower Hospital Clinical College of Nanjing University of Chinese Medicine, China (P.L., Y.L.). | Department of Endocrinology, The Second People's Hospital of Changzhou, The Third Affiliated Hospital of Nanjing Medical University, China (Y.D., J.Z.).",D.Z.),Unknown,D.Z.); Y.L.); J.Z.); Chengdu (Y.R.); Beijing (A.T.); China (Z.X.); China (B.S.); China (J.L.); China (L.L.)
41429287,"A Prospective, Multicenter, Open-Label, Single-Arm Phase 2 Study to Investigate the Pharmacokinetics, Safety, Tolerability, and Exploratory Efficacy of Selexipag in Children With Pulmonary Arterial Hypertension.",2026,Chest,11,Beghetti Maurice; Axelsen Lene Nygaard; Borissoff Julian I; Farhan Mahdi; Grill Simon,"Paediatric Cardiology Unit, University Hospitals of Geneva, Geneva, Switzerland. | Johnson & Johnson, Allschwil, Switzerland. | Johnson & Johnson, Allschwil, Switzerland. Electronic address: JBorisso@its.jnj.com.",Switzerland,Global North,Switzerland; Switzerland. Electronic address:; Italy; United Kingdom
41428040,Increased fluid intake and blood pressure in healthy children: a randomized controlled trial. The SPA Project.,2026,"Pediatric nephrology (Berlin, Germany)",13,Ardissino Gianluigi; Viola Laura; Mancuso Maria Cristina; Ria Thomas; Tamburini Giacomo,"Pediatric Nephrology, Dialysis and Transplantation Unit, Centro per la Cura e lo Studio della Sindrome Emolitico-Uremica (Center for HUS Control, Prevention and Management), Fondazione IRCCS Ca' Granda Ospedale Maggiore Policlinico, Milan, Italy. ardissino@centroseu.org. | Pediatric Unit, Ospedale di Stato, ISS, San Marino, San Marino. | Pediatric Nephrology, Dialysis and Transplantation Unit, Centro per la Cura e lo Studio della Sindrome Emolitico-Uremica (Center for HUS Control, Prevention and Management), Fondazione IRCCS Ca' Granda Ospedale Maggiore Policlinico, Milan, Italy.",Italy,Global North,Italy; San Marino
41362018,Effects of zibotentan and dapagliflozin combined in patients with compensated cirrhosis: A randomized placebo-controlled exploratory study.,2026,British journal of clinical pharmacology,20,Garcia-Pagan Juan Carlos; Gluud Lise Lotte; Mandorfer Mattias; Schattenberg Jörn M; De Gottardi Andrea,"Barcelona Hepatic Hemodynamic Laboratory, Liver Unit, Hospital Clínic, Institut de Investigacions Biomèdiques August Pi i Sunyer (IDIBAPS). CIBEREHD (Centro de Investigación Biomédica en Red Enfermedades Hepáticas y Digestivas). Health Care Provider of the European Reference Network on Rare Liver Disorders (ERN RARE-Liver). Departament de Medicina i Ciències de la Salut. Universitat de Barcelona, Barcelona, Spain. | Gastro Unit, Copenhagen University Hospital Hvidovre and Department of Clinical Medicine, University of Copenhagen, Copenhagen, Denmark. | Vienna Hepatic Hemodynamic Lab, Division of Gastroenterology and Hepatology, Department of Medicine III, Medical University of Vienna, Vienna, Austria.",Spain,Global North,Spain; Denmark; Austria; Germany; Switzerland; Poland; Sweden; USA
41242357,"Evaluating oral selexipag in pulmonary arterial hypertension: Insights on survival, safety, and dosing patterns from the complete observation period of GRIPHON and its open-label extension.",2026,The Journal of heart and lung transplantation : the official publication of the International Society for Heart Transplantation,12,McLaughlin Vallerie V; Howard Luke; Elwing Jean; Fernandes Catarina C; Gaine Sean,"Department of Internal Medicine, Division of Cardiovascular Medicine, University of Michigan, Ann Arbor, Michigan. Electronic address: vmclaugh@med.umich.edu. | National Pulmonary Hypertension Service, Imperial College Healthcare NHS Trust, Hammersmith Hospital, London, UK and National Heart & Lung Institute, Imperial College London, London, UK. | Pulmonary and Critical Care Medicine, University of Cincinnati, Cincinnati, Ohio.",Michigan. Electronic address:,Unknown,Michigan. Electronic address:; United Kingdom; Ohio; Switzerland; Ireland; Italy; California; New Jersey; Japan
41186866,Effectiveness of Mailed Patient Activation Letters for Blood Pressure Control: A Randomized Quality Improvement Trial.,2026,Journal of general internal medicine,7,Cheng Mike K W; Eseigbe Michael O; Orozco Jaime H; Park Soo; Modrow Madelaine F,"Division of General Internal Medicine, Department of Medicine, University of California San Francisco, San Francisco, CA, USA. mike.cheng@ucsf.edu. | Department of Medicine, Olive View-University of California Los Angeles, Los Angeles, CA, USA. | Department of Epidemiology and Biostatistics, University of California San Francisco, San Francisco, CA, USA.",USA,Global North,USA
40944674,Culinary Medicine Program Using Herbs and Spices to Increase Vegetable Consumption Among Adults with Hypertension: A Randomized Controlled Feasibility Study.,2026,American journal of health promotion : AJHP,4,Alcorn Michelle; Childress Allison; Najam Wasiuddin; Galyean Shannon,"Department of Hospitality and Retail Management, Texas Tech University, Lubbock, TX, USA. | Department of Nutritional Sciences, Texas Tech University, Lubbock, TX, USA. | Department of Epidemiology and Biostatistics, School of Public Health-Bloomington, Indiana University, Bloomington, IN, USA.",USA,Global North,USA
40758102,Comparison of End-tidal Sevoflurane Concentration Required for Optimal Depth of Anesthesia during Opioid-free General Anesthesia Using Intravenous Lignocaine versus Morphine.,2026,Annals of African medicine,6,Rajan Sunil; Sreekumar Gayathri; Roy Roniya Ann; Haleel Fazil; Manikandan Maneesh Sheela,"Department of Anaesthesiology, Amrita Institute of Medical Sciences, Amrita Vishwa Vidyapeetham, Kochi, Kerala, India.",India,Global South,India
41534755,"Efficacy and multi-omics regulatory effects of Guilou Tongluo formula in patients with chronic obstructive pulmonary disease combined with pulmonary hypertension: A prospective, multicenter, randomized controlled trial.",2026,Journal of ethnopharmacology,10,Liu Ke; Peng Wei; Yang Xiuli; Zeng Yi; Liu Yufei,"Department of Respiratory Medicine, Hospital of Chengdu University of Traditional Chinese Medicine, Chengdu, 610072, China. | State Key Laboratory of Southwestern Chinese Medicine Resources, School of Pharmacy, Chengdu University of Traditional Chinese Medicine, Chengdu, 611137, China. | Department of Heart Disease of Traditional Chinese Medicine, First People's Hospital of Zigong City, Zigong, 643000, China. Electronic address: arenally@sina.com.",China,Global South,China; China. Electronic address:
42024666,Effects of peppermint (Mentha x piperita L.) oil on cardiometabolic outcomes in patients with pre- and stage 1 hypertension: A placebo randomized controlled trial.,2026,PloS one,7,Sinclair Jonathan; Sant Benjamin; Du XuanYi; Shadwell Gareth; Dillon Stephanie,"Research Centre for Applied Sport, Physical Activity and Performance, School of Health, Social Work & Sport, University of Lancashire, Lancashire, United Kingdom. | School of Medicine & Dentistry, University of Lancashire, Lancashire, United Kingdom. | Centre for Research in Psychology and Sport Sciences, School of Life and Medical Sciences, University of Hertfordshire, Hertfordshire, United Kingdom.",United Kingdom,Global North,United Kingdom
42093981,"Real-world study of SHR-1210 plus apatinib in the treatment of BRAF-negative mucosal melanoma: efficacy, safety and implications of precision medicine.",2026,Frontiers in immunology,11,Zhang Yong; Wang Ting; Lyu An-Qi; Zhang Fang; Li Fang-Hui,"Department of Immunotherapy, The Affiliated Cancer Hospital of Zhengzhou University & Henan Cancer Hospital, Zhengzhou, China. | Department of Radiation Oncology, The Affiliated Cancer Hospital of Zhengzhou University & Henan Cancer Hospital, Zhengzhou, China. | Precision Health Program, Department of Radiology, College of Human Medicine, Michigan State University, East Lansing, MI, United States.",China,Global South,China; USA
42018849,The effects of oxytocin and carbetocin on hemostatic parameters in women after spontaneous vaginal delivery: a randomized trial.,2026,Revista da Associacao Medica Brasileira (1992),6,Yoruk Nurcan; Aksoy Ayse Nur; Kadioglu Berrin Göktug; Celebioglu Nazım Ozan; Altinkaynak Konca,"University of Health Sciences, Erzurum City Hospital, Department of Obstetrics and Gynecology - Erzurum, Türkiye. | University of Health Sciences, Erzurum City Hospital, Department of Biochemistry - Erzurum, Türkiye.",Türkiye,Unknown,Türkiye
42016016,"Effectiveness and Safety of Telmisartan Plus Amlodipine Compared to Telmisartan Plus Cilnidipine in Indian Patients with Hypertension and Renal Impairment: A Randomized, Open Label, Post Marketing Study (START Renal).",2026,International journal of nephrology and renovascular disease,14,Jadhav Uday; Guha Santanu; Mittal Harsh; Barik Chinmoy; Gillurkar Chandrashekhar S,"Department of Cardiology and Cardiac CT, MGM New Bombay Hospital, Mumbai, Maharashtra, India. | Department of Cardiology, Narayan Medical College, Jamuhar, Bihar, India. | Department of General Medicine, Panchsheel Hospital, Delhi, India.",India,Global South,India
42058096,A phase 1 study of a second experience with Group Retreat Psilocybin Therapy for partial responders after a first experience.,2026,Frontiers in public health,16,Back Anthony L; McGregor Bonnie A; Thorn Leslie L; Harvey Kalin; Blom Dianna,"Department of Medicine, University of Washington School of Medicine, Seattle, WA, United States. | Fred Hutchinson Cancer Center, Seattle, WA, United States. | Orion Center for Integrative Medicine, Seattle, WA, United States.",USA,Global North,USA; Canada
41980852,Chronotype-aligned exercise timing in middle-aged adults at cardiometabolic risk: a randomised controlled trial.,2026,Open heart,3,Tariq Arsalan; Harris Khalid Mohammed; Ammar Muhammad,"University Institute of Physical Therapy, The University of Lahore, Lahore, Pakistan at81931@gmail.com. | Edinburgh Medical school, University of Edinburgh Division of Medical and Radiological Sciences, Edinburgh, UK. | Ibadat International University, Islamabad, Pakistan.",Pakistan,Global South,Pakistan; United Kingdom
41961837,Risk factors for spontaneous abortion following hepatitis E vaccination during and shortly before pregnancy: Further analysis from a cluster-randomized trial.,2026,PloS one,32,Aziz Asma Binte; Ahmmed Faisal; Haile Kassa; Kering Kelvin; Dudman Susanne,"International Vaccine Institute, Seoul, Republic of Korea. | International Centre for Diarrhoeal Disease Research, Dhaka, Bangladesh. | Institute of Clinical Medicine, University of Oslo, Norway.",Republic of Korea,Unknown,Republic of Korea; Bangladesh; Norway; Ethiopia; Kenya; India; USA
41954764,Melatonin effects on the left ventricular function in neonates with persistent pulmonary hypertension.,2026,European journal of pediatrics,5,Nofal Sarah M; El-Mashad Abdel-Rahman M; Elmesiry Asmaa M; Abouelenain Amany M; Awny Mostafa M,"Pediatric and Neonatology Department, Faculty of Medicine, Tanta University, El Bahr St., Tanta Qism 2, First Tanta, Gharbia Governorate, Tanta, 31111, Egypt. | Pediatric and Neonatology Department, Faculty of Medicine, Tanta University, El Bahr St., Tanta Qism 2, First Tanta, Gharbia Governorate, Tanta, 31111, Egypt. asmaa.elmesery@med.tanta.edu.eg. | Clinical Pathology Department, Faculty of Medicine, Tanta University, Tanta, Egypt.",Egypt,Global South,Egypt
41950472,Multifaceted Strategies for Hypertension Control in Low-Income Patients.,2026,The New England journal of medicine,20,Mills Katherine T; Krousel-Wood Marie; Peacock Erin M; Chen Jing; Allouch Farah,"Department of Epidemiology, Tulane University School of Public Health and Tropical Medicine, New Orleans. | Tulane University Translational Sciences Institute, New Orleans. | Department of Medicine, Tulane University School of Medicine, New Orleans.",New Orleans,Unknown,New Orleans; Dallas; Greensburg; Baton Rouge; Jackson; Clinton; Biloxi; Lake Charles; Avondale; Franklin
41978208,Telehealth-Delivered Dietary Counseling in Myeloproliferative Neoplasms: A Randomized Feasibility Study.,2026,Nutrients,5,Fleischman Angela; Li Jiarui; Tabban Asmaa; Cai Shuwei; Odegaard Andrew,"Irvine School of Medicine, University of California, Irvine, CA 92617, USA. | Chao Family Comprehensive Cancer Center, University of California, Irvine, CA 92617, USA. | Irvine School of Public Health, University of California, Irvine, CA 92617, USA.",USA,Global North,USA
42023995,"Effect of Once-Daily Macitentan 75 mg on the Pharmacokinetics of Sildenafil, Riociguat, or Rosuvastatin in Healthy Male Participants.",2026,Journal of clinical pharmacology,6,Csonka Dénes; Gargano Cynthia; Goyal Navin; De Meulder Marc; Yartsev Vitaly,"Johnson & Johnson, Allschwil, Switzerland. | Johnson and Johnson, Spring House, PA, USA. | Johnson & Johnson, Raritan, NJ, USA.",Switzerland,Global North,Switzerland; USA; Belgium
41993641,Effect of acupuncture on ischemic stroke patients with hypertension: a randomized clinical trail.,2026,Frontiers in neurology,16,Liu Wei; Li Boxuan; Rong Mengying; Li Chen; Zhao Qi,"First Teaching Hospital of Tianjin University of Traditional Chinese Medicine, National Clinical Research Center for Chinese Medicine, Tianjin, China. | Tianjin University of Traditional Chinese Medicine, Tianjin, China. | Acupuncture Department, The First Affiliated Hospital of Zhejiang Chinese Medical University (Zhejiang Provincial Hospital of Traditional Chinese Medicine), Hangzhou, China.",China,Global South,China
41988923,Bedroom Air Filtration and Home Blood Pressures of Older Adults Living in a Residential Facility.,2026,"Journal of clinical hypertension (Greenwich, Conn.)",10,Brook Robert D; Song Yao; Bard Robert L; Wang Lu; Klaver Zachary M,"Division of Cardiovascular Diseases, Wayne State University, Detroit MI, USA. | Department of Biostatistics, School of Public Health, University of Michigan, Ann Arbor MI, USA. | Division of Cardiovascular Medicine, University of Michigan, Ann Arbor MI, USA.",USA,Global North,USA
41981710,Phase II Trial of Opaganib Addition in Metastatic Castration-Resistant Prostate Cancer After Disease Progression on Abiraterone or Enzalutamide.,2026,Cancer medicine,13,Brown Jacqueline T; Nazha Bassel; Ferreira Anna C; Armeson Kent; Hill Elizabeth G,"Department of Hematology and Medical Oncology, Emory University School of Medicine, Atlanta, Georgia, USA. | Winship Cancer Institute of Emory University, Atlanta, Georgia, USA. | Department of Public Health Sciences, Medical University of South Carolina, Charleston, South Carolina, USA.",USA,Global North,USA; Israel
41962308,Efficacy and safety of regorafenib in patients with advanced pretreated melanoma: results of the RegoMel phase II clinical trial.,2026,ESMO open,22,Dirven I; Bertels C; Moreels Y; Kessels J I; Vanlaer N,"Department of Medical Oncology, Vrije Universiteit Brussel (VUB), Universitair Ziekenhuis Brussel (UZ Brussel), Translational Oncology Research Center (TORC), Team Laboratory for Medical and Molecular Oncology (LMMO), Brussels, Belgium. Electronic address: iris.dirven@uzbrussel.be. | Department of Medical Oncology, Vrije Universiteit Brussel (VUB), Universitair Ziekenhuis Brussel (UZ Brussel), Translational Oncology Research Center (TORC), Team Laboratory for Medical and Molecular Oncology (LMMO), Brussels, Belgium. | Department of Dermatology, Vrije Universiteit Brussel (VUB), Universitair Ziekenhuis Brussel (UZ Brussel), Brussels, Belgium.",Belgium. Electronic address:,Global North,Belgium. Electronic address:; Belgium
41944046,Acute Effect of Transcutaneous Auricular Vagus Nerve Stimulation in Two Different Locations on Blood Pressure and Cardiac Autonomic Modulation in Healthy and Hypertensive Individuals: Pilot Study of a Randomized Crossover Clinical Trial.,2026,Physiotherapy research international : the journal for researchers and clinicians in physical therapy,9,Leite Souza Paulo Henrique; Ferrari Corrêa João Carlos; Venâncio Bruno Paulino; Buzá Liége Sanches; Oliveira da Silva Gustavo,"Doctoral and Master Program in Science of Rehabilitation, Nove de Julho University, São Paulo, Brazil. | Neuromodulation Center and Center for Clinical Research Learning, Harvard Medical School, Spaulding Rehabilitation Hospital and Massachusetts General Hospital, Boston, Massachusetts, USA.",Brazil,Global South,Brazil; USA
41943475,Association between cardiac autonomic control and blood pressure response to resistance training in adults with pharmacologically treated hypertension.,2026,Physiological reports,3,Benavides-Roca Luis A; Parra Germán; Zamunér Antonio R,"School of Sports Sciences and Physical Activity, Faculty of Health, Universidad Santo Tomas, Talca, Chile. | Faculty of Education, Universidad Autónoma de Chile, Talca, Chile. | Department of Physiology, Universidad de Valencia, Valencia, Spain.",Chile,Global South,Chile; Spain
41926960,"[<sup>177</sup>Lu]-PSMA-617-PSMA-617 in oligometastatic hormone sensitive prostate cancer (BULLSEYE): an open-label, randomised, phase 2 study.",2026,The Lancet. Oncology,21,Privé Bastiaan M; Noordzij Walter; Muselaers Constantijn H J; de Jong Igle J; van Oort Inge M,"Department of Radiology and Nuclear Medicine, Radboud University Medical Centre, Nijmegen, Netherlands; Department of Radiation Oncology, Erasmus MC, Rotterdam, The Netherlands. | Department of Nuclear Medicine and Molecular Imaging, University of Groningen, University Medical Centre Groningen, Groningen, Netherlands. | Department of Urology, Radboud University Medical Centre, Nijmegen, Netherlands.",The Netherlands,Global North,The Netherlands; Netherlands; Germany; the Netherlands; Cyprus; Germany. Electronic address:
41849831,Harnessing metabolomics and proteomics in a clinical trial for pulmonary arterial hypertension: insights from post-hoc analysis of the REHAB-PH trial.,2026,EBioMedicine,8,Pi Hongyang; Xia Lu; Rayner Samuel G; Probstfield Jeffrey L; Branch Kelley R,"Division of Pulmonary, Critical Care and Sleep Medicine, University of Washington, Seattle, WA, USA. | Department of Statistics and Probability, Michigan State University, USA. | Division of Cardiology, University of Washington, Seattle, WA, USA.",USA,Global North,USA
41826030,The effects of cold application on blood pressure in patients with hypertension: A randomized placebo-controlled trial.,2026,Applied nursing research : ANR,3,Uren Yavuz; Kiyak Emine; Karadas Sevdegul,"Faculty of Health Sciences, Van Yuzuncu Yil Universty, Van, Turkiye. Electronic address: yavuzuren@yyu.edu.tr. | Faculty of Nursing, Ataturk University, Erzurum, Turkiye. Electronic address: emine.kiyak@atauni.edu.tr. | Van Yüzüncü Yıl University Dursun Odabaş Medical Centre Adult Emergency Department, Van, Turkiye. Electronic address: sevdegulkaradas@yyu.edu.tr.",Turkiye. Electronic address:,Unknown,Turkiye. Electronic address:
41825453,"Benmelstobart plus anlotinib versus pembrolizumab as first-line treatment for PD-L1-positive, advanced non-small-cell lung cancer (CAMPASS): a blinded, randomised, controlled, phase 3 trial.",2026,The Lancet. Oncology,26,Zhong Hua; Wang Jing; Yang Runxiang; Luo Yongzhong; Zuo Wei,"Department of Respiratory and Critical Care Medicine, Shanghai Chest Hospital, Shanghai Jiao Tong University School of Medicine, Shanghai, China. | Department of Thoracic Oncology, National Clinical Research Center for Cancer, Tianjin Medical University Cancer Institute and Hospital, Tianjin, China. | Second Department of Medical Oncology, The Third Affiliated Hospital of Kunming Medical University/Yunnan Cancer Hospital, Kunming, China.",China,Global South,China; China. Electronic address:
41818160,ENAC blockade reduces blood pressure and arterial stiffness in adults with obesity and insulin resistance.,2026,American journal of physiology. Heart and circulatory physiology,9,Padilla Jaume; Ramirez-Perez Francisco I; Smith James A; Soares Rogerio N; Burken Mya,"Department of Nutrition and Exercise Physiology, University of Missouri, Columbia, Missouri, United States. | NextGen Precision Health, University of Missouri, Columbia, Missouri, United States. | Research Services, Harry S. Truman Memorial Veterans Hospital, Columbia, Missouri, United States.",USA,Global North,USA
41739394,"Pharmacokinetics, Safety Profile, and Tolerability of MN-08 Tablets after Single and Multiple Ascending Doses in Healthy Chinese Volunteers.",2026,Clinical drug investigation,14,Yang Enyue; Chen Mingxin; Wu Mingji; Dong Qi; Li Jinhua,"Yanbian University Hospital, No. 1327, Juzi St, Yanji, Jilin, China. | Yanbian University, Yanji, Jilin, China. | Guangzhou Magpie Pharmaceuticals Co., Ltd., Guangzhou, Guangdong, China.",China,Global South,China
41738079,Phase 2b trial of inhaled imatinib for treatment of pulmonary arterial hypertension.,2026,American journal of respiratory and critical care medicine,25,Hill Nicholas S; Gillies Hunter; Chakinala Murali M; Feldman Jeremy P; Hoeper Marius M,"Division of Pulmonary, Critical Care and Sleep Medicine, Tufts Medical Center, Boston, MA, United States. | Aerovate Therapeutics, Waltham, MA, United States. | Division of Pulmonary and Critical Care Medicine, Washington University School of Medicine, St Louis, MO, United States.",USA,Global North,USA; Germany; China; Spain; Italy; Poland; Canada; Argentina; Mexico; France; Latvia
41730814,"Efficacy and safety of relacorilant for the treatment of patients with Cushing's syndrome (GRACE): a multicentre, phase 3, double-blind, placebo-controlled, randomised-withdrawal study.",2026,The lancet. Diabetes & endocrinology,33,Pivonello Rosario; Arnaldi Giorgio; Auchus Richard J; Badiu Corin; Busch Robert S,"Dipartimento di Medicina Clinica e Chirurgia, Sezione di Endocrinologia, Diabetologia, Andrologia e Nutrizione Università Federico II di Napoli, Naples, Italy. Electronic address: rosario.pivonello@unina.it. | Endocrinology Department, Department of Health Promotion, Mother and Child Care, Internal Medicine and Medical Specialties, University of Palermo, Palermo, Italy. | Departments of Pharmacology & Internal Medicine, Division of Metabolism, Endocrinology, & Diabetes, University of Michigan, Ann Arbor, MI, USA.",Italy. Electronic address:,Global North,Italy. Electronic address:; Italy; USA; Romania; Germany; Bulgaria; Spain; Poland
41725539,"Adherence to Different Dietary Patterns and Subsequent Risk of Total, Ischemic, and Hemorrhagic Stroke.",2026,Stroke,18,Castro-Barquero Sara; Rimm Eric B; Jovin Tudor G; Martínez-González Miguel Ángel; Salas-Salvadó Jordi,"Department of Nutrition (S.C.-B., E.B.R., M.A.M.-G.), Harvard T.H. Chan School of Public Health, Boston, MA. | Centro de Investigación Biomédica en Red de Fisiopatología de la Obesidad y Nutrición, Instituto n Biomdica en Red de Fisiopatologa de la Obesidad y Nutricin, Instituto de Salud Carlos III, Madrid, Spain (S.C.-B., M.A.M.-G., J.S.-S., D.C., F.A., L.S.-M., M. Fitó, X.P., M. Fiol, J.L., M.R.-C., J.V.S., N.B., E.R., R.E.). | Institut de Recerca en Nutrició i Seguretat Alimentària, University of Barcelonai Seguretat Alimentria, University of Barcelona, Spain (S.C.-B., E.R., R.E.).",Boston,Unknown,Boston; R.E.); MA (E.B.R.); NJ (T.G.J.); M.R.-C.); N.B.); J.V.S.); Spain (F.A.); Spain (L.S.-M.); Spain (M. Fitó); Spain (X.P.); Spain (J.T.); Spain (M. Fiol); Spain (J.L.); Spain
41717679,Low-Dose TEL/AML/CHTD SPC Versus Standard-Dose TEL in Hypertension: Phase III RCT.,2026,"Hypertension (Dallas, Tex. : 1979)",25,Ahn Jeong Cheon; Lee Cheol Whan; Ahn Jong-Hwa; Lim Kyung Hee; Sohn Il Suk,"Department of Cardiology, Korea University Ansan Hospital (J.C.A.). | Division of Cardiology, Asan Medical Center, Seoul, Republic of Korea (C.W.L.). | Division of Cardiology, Department of Internal Medicine, Gyeongsang National University School of Medicine and Gyeongsang National University Changwon Hospital, Changwon, Republic of Korea (J.-H.A.).",Korea University Ansan Hospital (J.C.A.),Unknown,Korea University Ansan Hospital (J.C.A.); Republic of Korea (C.W.L.); Republic of Korea (J.-H.A.); Republic of Korea (K.H.L.); Republic of Korea (I.S.S.); Republic of Korea (K.-C.S.); Republic of Korea (K.H.K.); Republic of Korea (J.-H.B.); Republic of Korea (S.P.H.); Suwon (W.-Y.J.); Republic of Korea (S.-H.J.); Republic of Korea (S.H.H.); Republic of Korea (J.B.K.); Republic of Korea (C.J.L.); Republic of Korea (J.-H.L.); Republic of Korea (N.K.); Seoul; Republic of Korea (J.-H.S.); Republic of Korea (S.-Y.K.); Republic of Korea (J.S.); Seoul (S.J.H.); Republic of Korea (W.K.); Seoul (C.-G.P.)
